time,NDVI ROI1
2016,0.845702188
2017,0.930786739
2018,0.899335287
